Nome;Apelido;Email;Concelho;Escola
Marcos;Canhoto;marcos.canhoto@yopmail.com;Odivelas;Escola Profissional Agrícola D. Dinis - Paiã
Andreia;Formiga;andreia.formiga@yopmail.com;Odivelas;Escola Secundária Braamcamp Freire
Ana;Pereira;ana.pereira@yopmail.com;Odivelas;Escola Secundária da Ramada
Andre;Almeida;andre.almeida@yopmail.com;Odivelas;Escola Secundária da Ramada
Sergio;Ferreira;sergio.ferreira@yopmail.com;Odivelas;Escola Secundária da Ramada
Carlos;Moreira;carlos.moreira@yopmail.com;Odivelas;Escola Secundária de Caneças
Diogo;Correia;diogo.correia@yopmail.com;Odivelas;Escola Secundária Pedro Alexandrino
Filipe;Pires;filipe.pires@yopmail.com;Odivelas;Escola Secundária Pedro Alexandrino
Gabriel;Moreira;gabriel.moreira@yopmail.com;Odivelas;Escola Secundária Pedro Alexandrino
Maria;Soares;maria.soares@yopmail.com;Odivelas;Escola Secundária Pedro Alexandrino
Valedir;Martins;valedir.martins@yopmail.com;Odivelas;Escola Secundária Pedro Alexandrino
Vítor;Silva;vítor.silva@yopmail.com;Oeiras;Escola Básica e Secundária Amélia Rey Colaço
Vítor;Fernandez;vítor.fernandez@yopmail.com;Oeiras;Escola Básica e Secundária Aquilino Ribeiro
Joao;Torres;joao.torres@yopmail.com;Oeiras;Escola Profissional Val do Rio
Susana;Mateus;susana.mateus@yopmail.com;Oeiras;Escola Profissional Val do Rio
Joao;Beselga;joao.beselga@yopmail.com;Oeiras;Escola Secundária Camilo Castelo Branco
Andreia;Damasio;andreia.damasio@yopmail.com;Oeiras;Escola Secundária da Quinta do Marquês
Diana;Jesus;diana.jesus@yopmail.com;Oeiras;Escola Secundária da Quinta do Marquês
Luis;Xavier;luis.xavier@yopmail.com;Oeiras;Escola Secundária da Quinta do Marquês
Sara;Dias;sara.dias@yopmail.com;Oeiras;Escola Secundária da Quinta do Marquês
Tiago;Fonseca;tiago.fonseca@yopmail.com;Oeiras;Escola Secundária da Quinta do Marquês
Francisco;Simoes;francisco.simoes@yopmail.com;Oeiras;Escola Secundária de Miraflores
Oana;Murilhas;oana.murilhas@yopmail.com;Oeiras;Escola Secundária de Miraflores
Ricardo;Rosa;ricardo.rosa@yopmail.com;Oeiras;Escola Secundária de Miraflores
Tiago;Silveira;tiago.silveira@yopmail.com;Oeiras;Escola Secundária de Miraflores
Vanilson;Alves;vanilson.alves@yopmail.com;Oeiras;Escola Secundária de Miraflores
Wilson;Silva;wilson.silva@yopmail.com;Oeiras;Escola Secundária de Miraflores
Andreia;Amador;andreia.amador@yopmail.com;Oeiras;Escola Secundária Luís de Freitas Branco
Joana;Matos;joana.matos@yopmail.com;Oeiras;Escola Secundária Luís de Freitas Branco
Sergio;Goncalves;sergio.goncalves@yopmail.com;Oeiras;Escola Secundária Luís de Freitas Branco
Vanda;Lehaceanu;vanda.lehaceanu@yopmail.com;Oeiras;Escola Secundária Luís de Freitas Branco
Alina;Andrade;alina.andrade@yopmail.com;Oeiras;Escola Secundária Professor José Augusto Lucas
Frederico;Freitas;frederico.freitas@yopmail.com;Oeiras;Escola Secundária Professor José Augusto Lucas
Vicente;Lourenço;vicente.lourenço@yopmail.com;Oeiras;Escola Secundária Professor José Augusto Lucas
Daniel;Gil;daniel.gil@yopmail.com;Oeiras;Escola Secundária Sebastião e Silva
Diogo;Santos;diogo.santos@yopmail.com;Oeiras;Escola Secundária Sebastião e Silva
Fabio;Cruz;fabio.cruz@yopmail.com;Oeiras;Escola Secundária Sebastião e Silva
Nuno;Venda;nuno.venda@yopmail.com;Oeiras;Escola Secundária Sebastião e Silva
Andre;Santos;andre.santos@yopmail.com;Oeiras;Instituto de Tecnologias Náuticas
Andreia;Macias;andreia.macias@yopmail.com;Oeiras;Instituto de Tecnologias Náuticas
Pedro;Gouveia;pedro.gouveia@yopmail.com;Oeiras;Instituto de Tecnologias Náuticas
Ricardo;Louro;ricardo.louro@yopmail.com;Oeiras;Instituto de Tecnologias Náuticas
Joao;Oliveira;joao.oliveira@yopmail.com;Sintra;Escola Básica e Secundária Gama Barros
Jorge;Bronze;jorge.bronze@yopmail.com;Sintra;Escola Básica e Secundária Gama Barros
Nicolae;Francisco;nicolae.francisco@yopmail.com;Sintra;Escola Básica e Secundária Gama Barros
Tiago;Amaral;tiago.amaral@yopmail.com;Sintra;Escola Básica e Secundária Gama Barros
Aline;Gracio;aline.gracio@yopmail.com;Sintra;Escola Básica e Secundária Mestre Domingos Saraiva
Andre;Vornicu;andre.vornicu@yopmail.com;Sintra;Escola Básica e Secundária Mestre Domingos Saraiva
Pedro;Roque;pedro.roque@yopmail.com;Sintra;Escola Básica e Secundária Mestre Domingos Saraiva
Luis;Sousa;luis.sousa@yopmail.com;Sintra;Escola Básica e Secundária Padre Alberto Neto
Nuno;Costa;nuno.costa@yopmail.com;Sintra;Escola Básica e Secundária Padre Alberto Neto
Marco;Axente;marco.axente@yopmail.com;Sintra;Escola Profissional Alda Brandão de Vasconcelos
Mário;Azurara;mário.azurara@yopmail.com;Sintra;Escola Profissional Alda Brandão de Vasconcelos
Tiago;Salgado;tiago.salgado@yopmail.com;Sintra;Escola Profissional Alda Brandão de Vasconcelos
Ana;Santos;ana.santos@yopmail.com;Sintra;Escola Profissional de Recuperação do Património de Sintra
Paulo;Jeronimo;paulo.jeronimo@yopmail.com;Sintra;Escola Profissional de Recuperação do Património de Sintra
Alexander;Oliveira;alexander.oliveira@yopmail.com;Sintra;Escola Secundária de Mem Martins
Bruno;Galamas;bruno.galamas@yopmail.com;Sintra;Escola Secundária de Santa Maria
Goncalo;Sequeira;goncalo.sequeira@yopmail.com;Sintra;Escola Secundária de Santa Maria
Ricardo;Apel;ricardo.apel@yopmail.com;Sintra;Escola Secundária de Santa Maria
Alejandro;Nunes;alejandro.nunes@yopmail.com;Sintra;Escola Secundária Ferreira Dias
Carlos;Ferrolho;carlos.ferrolho@yopmail.com;Sintra;Escola Secundária Ferreira Dias
Goncalo;Figueira;goncalo.figueira@yopmail.com;Sintra;Escola Secundária Ferreira Dias
Joao;Pires;joao.pires@yopmail.com;Sintra;Escola Secundária Ferreira Dias
Antonia;Magalhaes;antonia.magalhaes@yopmail.com;Sintra;Escola Secundária Leal da Câmara
Brigida;Afonso;brigida.afonso@yopmail.com;Sintra;Escola Secundária Leal da Câmara
Caetano;Fernandes;caetano.fernandes@yopmail.com;Sintra;Escola Secundária Matias Aires
Edgar;Palma;edgar.palma@yopmail.com;Sintra;Escola Secundária Miguel Torga
Ricardo;Galrao;ricardo.galrao@yopmail.com;Sintra;Escola Secundária Miguel Torga
Jorg;Mendes;jorg.mendes@yopmail.com;Sintra;Escola Secundária Stuart Carvalhais
Tiago;Reis;tiago.reis@yopmail.com;Sintra;Escola Secundária Stuart Carvalhais
Vitor;Ambaram;vitor.ambaram@yopmail.com;Sintra;Escola Secundária Stuart Carvalhais
